"","country","disease","workbook_year","persons_targeted_all","persons_targeted_usaid","sac_targeted_usaid","persons_targeted_all_r1","persons_targeted_usaid_r1","persons_targeted_all_r2","persons_targeted_usaid_r2","sac_targeted_usaid_r1","sac_targeted_usaid_r2","persons_treated_all","persons_treated_usaid","sac_treated_all","sac_treated_usaid","persons_treated_all_r1","persons_treated_usaid_r1","persons_treated_all_r2","persons_treated_usaid_r2","sac_treated_all_r1","sac_treated_usaid_r1","sac_treated_all_r2","sac_treated_usaid_r2","persons_at_risk","sac_at_risk"
"1","Benin","lf",2013,1212302.3,1212302.3,NA,NA,NA,NA,NA,NA,NA,1240714,1240714,347400.48,347400.48,NA,NA,NA,NA,NA,NA,NA,NA,1426238,NA
"2","Benin","lf",2014,1299683.15,1299683.15,NA,NA,NA,NA,NA,NA,NA,1273314,1273314,356528.28,356528.44,NA,NA,NA,NA,NA,NA,NA,NA,1529039,NA
"3","Benin","oncho",2013,2727241.15,2727241.15,NA,2727241.15,2727241.15,0,0,NA,NA,2733745,2733745,NA,NA,2733745,2733745,0,0,NA,NA,NA,NA,3208519,NA
"4","Benin","oncho",2014,2972801.9,2972801.9,NA,2972801.9,2972801.9,0,0,NA,NA,2917252,2917252,NA,NA,2917252,2917252,0,0,NA,NA,NA,NA,3497414,NA
"5","Benin","schisto",2013,226195.575438222,226195.575438222,226195.575438222,NA,NA,NA,NA,NA,NA,126555,126555,126555,126555,NA,NA,NA,NA,NA,NA,NA,NA,807841.340850793,226195.575438222
"6","Benin","schisto",2014,728567.9226,728567.9226,728567.9226,NA,NA,NA,NA,NA,NA,449991,449991,449991,449991,NA,NA,NA,NA,NA,NA,NA,NA,2567368.215,718863.1002
"7","Benin","sth",2013,226195.575438222,226195.575438222,226195.575438222,226195.575438222,226195.575438222,0,0,226195.575438222,0,126555,126555,126555,126555,126555,126555,0,0,126555,126555,0,0,807841.340850793,226195.575438222
"8","Benin","sth",2014,728567.9226,728567.9226,728567.9226,728567.9226,728567.9226,73682.8092,73682.8092,728567.9226,73682.8092,449991,449991,449991,449991,449991,449991,22434,22434,449991,449991,22434,22434,2567368.215,718863.1002
"9","Benin","trachoma",2013,0,0,NA,NA,NA,NA,NA,NA,NA,0,0,NA,NA,NA,NA,NA,NA,NA,NA,NA,NA,0,NA
"10","Benin","trachoma",2014,0,0,NA,NA,NA,NA,NA,NA,NA,0,0,NA,NA,NA,NA,NA,NA,NA,NA,NA,NA,384768.495,NA
"11","Burkina Faso","lf",2007,0,0,NA,NA,NA,NA,NA,NA,NA,0,0,0,0,NA,NA,NA,NA,NA,NA,NA,NA,0,NA
"12","Burkina Faso","lf",2008,0,0,NA,NA,NA,NA,NA,NA,NA,0,0,0,0,NA,NA,NA,NA,NA,NA,NA,NA,0,NA
"13","Burkina Faso","lf",2009,0,11779778,NA,NA,NA,NA,NA,NA,NA,0,12041890,0,3242886,NA,NA,NA,NA,NA,NA,NA,NA,14724723,NA
"14","Burkina Faso","lf",2010,0,12584782,NA,NA,NA,NA,NA,NA,NA,0,12326907,0,3652463,NA,NA,NA,NA,NA,NA,NA,NA,15730977,NA
"15","Burkina Faso","lf",2011,0,6540459,NA,NA,NA,NA,NA,NA,NA,0,6425257,0,0,NA,NA,NA,NA,NA,NA,NA,NA,8175575,NA
"16","Burkina Faso","lf",2012,8960055,8960055,NA,NA,NA,NA,NA,NA,NA,9101018,9101018,0,0,NA,NA,NA,NA,NA,NA,NA,NA,8587639,NA
"17","Burkina Faso","lf",2013,7025491.2,7025491.4,NA,NA,NA,NA,NA,NA,NA,6465545,6465545,2064561.9496,2064561.9496,NA,NA,NA,NA,NA,NA,NA,NA,8781864,NA
"18","Burkina Faso","lf",2014,7397897.20973639,7397897.20973639,NA,NA,NA,NA,NA,NA,NA,636919,636919,261401,261401,NA,NA,NA,NA,NA,NA,NA,NA,9247371,NA
"19","Burkina Faso","oncho",2007,0,0,NA,0,0,0,0,NA,NA,0,0,NA,NA,0,0,0,0,NA,NA,NA,NA,0,NA
"20","Burkina Faso","oncho",2008,0,0,NA,0,0,0,0,NA,NA,0,0,NA,NA,0,0,0,0,NA,NA,NA,NA,0,NA
"21","Burkina Faso","oncho",2009,0,0,NA,0,0,0,0,NA,NA,0,133515,NA,NA,0,133515,0,0,NA,NA,NA,NA,155517,NA
"22","Burkina Faso","oncho",2010,0,0,NA,0,0,0,0,NA,NA,0,133341,NA,NA,0,133341,0,0,NA,NA,NA,NA,154509,NA
"23","Burkina Faso","oncho",2011,0,0,NA,0,0,0,0,NA,NA,0,149761,NA,NA,0,149761,0,0,NA,NA,NA,NA,177788,NA
"24","Burkina Faso","oncho",2012,225918,174196,NA,225918,0,174196,174196,NA,NA,176501,0,NA,NA,176501,0,0,0,NA,NA,NA,NA,1097949,NA
"25","Burkina Faso","oncho",2013,183815.2,141450.4,NA,141450.4,141450.4,0,0,NA,NA,149503,149503,NA,NA,149503,149503,0,0,NA,NA,NA,NA,229769,NA
"26","Burkina Faso","oncho",2014,168993.6,126628.8,NA,126628.8,126628.8,168993.6,0,NA,NA,110391,110391,NA,NA,110391,110391,0,0,NA,NA,NA,NA,211242,NA
"27","Burkina Faso","schisto",2007,0,883280,0,NA,NA,NA,NA,NA,NA,0,756005,0,0,NA,NA,NA,NA,NA,NA,NA,NA,1227810,0
"28","Burkina Faso","schisto",2008,0,3546563,0,NA,NA,NA,NA,NA,NA,0,3451503,0,2439703,NA,NA,NA,NA,NA,NA,NA,NA,8056684,0
"29","Burkina Faso","schisto",2009,0,3153832,0,NA,NA,NA,NA,NA,NA,0,2923088,0,1287840,NA,NA,NA,NA,NA,NA,NA,NA,4428297,0
"30","Burkina Faso","schisto",2010,0,4607031,0,NA,NA,NA,NA,NA,NA,0,4702956,0,3292625,NA,NA,NA,NA,NA,NA,NA,NA,4607031,0
"31","Burkina Faso","schisto",2011,0,3844254,0,NA,NA,NA,NA,NA,NA,0,3120568,0,1294071,NA,NA,NA,NA,NA,NA,NA,NA,4805318,0
"32","Burkina Faso","schisto",2012,2835082,2835082,2835082,NA,NA,NA,NA,NA,NA,3774925,3774925,3774925,3774925,NA,NA,NA,NA,NA,NA,NA,NA,11832567,2835082
"33","Burkina Faso","schisto",2013,4426332.4749,4426332.4749,1649967.3599,NA,NA,NA,NA,NA,NA,4068082,4068082,1717958,1717958,NA,NA,NA,NA,NA,NA,NA,NA,5268245,3740753.6912
"34","Burkina Faso","schisto",2014,3924104.6287,3924104.6287,3924104.6287,NA,NA,NA,NA,NA,NA,4175713,4175713,4175713,4175713,NA,NA,NA,NA,NA,NA,NA,NA,12595394,3924104.6287
"35","Burkina Faso","sth",2007,0,883280,0,0,883280,0,0,0,0,0,756005,0,0,0,756005,0,0,0,0,0,0,1227810,0
"36","Burkina Faso","sth",2008,0,3546563,0,0,3546563,0,0,0,0,0,3451503,0,2439703,0,3451503,0,0,0,2439703,0,0,8056684,0
"37","Burkina Faso","sth",2009,0,11779778,0,0,11779778,0,0,0,0,0,12041890,0,3242886,0,12041890,0,0,0,3242886,0,0,14724723,0
"38","Burkina Faso","sth",2010,0,12584782,0,0,12584782,0,0,0,0,0,12326907,0,3652463,0,12326907,0,0,0,3652463,0,0,15730977,0
"39","Burkina Faso","sth",2011,0,6540459,0,0,6540459,0,0,0,0,0,6425257,0,0,0,6425257,0,0,0,0,0,0,8175575,0
"40","Burkina Faso","sth",2012,8173461,8344597,2690970,8173461,8344597,0,0,2690970,0,8395025,8395025,0,2346129,8395025,8395025,0,0,0,2346129,0,0,11213660,2686792
"41","Burkina Faso","sth",2013,5596004.8641,3806785.5004,2807729.01239,5367635.0773,3447520.8358,602161.6,602161.6,2807727.69289,242898,7593865,7593865,2529998.2286,2529998.2286,7593865,7593865,0,0,2529998.2286,2529998.2286,0,0,11041485,3447520.8358
"42","Burkina Faso","sth",2014,2662104.78177888,2662104.78177888,2662104.59092,2912501.03281688,2912501.03281688,250396.251038004,0,2912500.75162,0,261401,261401,261401,261401,261401,261401,0,0,261401,261401,0,0,8471430,2662104.78177888
"43","Burkina Faso","trachoma",2007,0,1240214.06560075,NA,NA,NA,NA,NA,NA,NA,0,1014187,NA,NA,NA,NA,NA,NA,NA,NA,NA,NA,1240214.06560075,NA
"44","Burkina Faso","trachoma",2008,0,1267081,NA,NA,NA,NA,NA,NA,NA,0,997185,NA,NA,NA,NA,NA,NA,NA,NA,NA,NA,1267081,NA
"45","Burkina Faso","trachoma",2009,0,3842759,NA,NA,NA,NA,NA,NA,NA,0,3405262,NA,NA,NA,NA,NA,NA,NA,NA,NA,NA,3842759,NA
"46","Burkina Faso","trachoma",2010,0,3483536,NA,NA,NA,NA,NA,NA,NA,0,2960244,NA,NA,NA,NA,NA,NA,NA,NA,NA,NA,3415315,NA
"47","Burkina Faso","trachoma",2011,0,4962942,NA,NA,NA,NA,NA,NA,NA,0,4721847,NA,NA,NA,NA,NA,NA,NA,NA,NA,NA,5269681,NA
"48","Burkina Faso","trachoma",2012,2457971,2457971,NA,NA,NA,NA,NA,NA,NA,2483222,2483222,NA,NA,NA,NA,NA,NA,NA,NA,NA,NA,2457971,NA
"49","Burkina Faso","trachoma",2013,2599060,2599060,NA,NA,NA,NA,NA,NA,NA,2476699,2476699,NA,NA,NA,NA,NA,NA,NA,NA,NA,NA,2599060,NA
"50","Burkina Faso","trachoma",2014,1168941.55386112,1168941.55386112,NA,NA,NA,NA,NA,NA,NA,1093486,1093486,NA,NA,NA,NA,NA,NA,NA,NA,NA,NA,1168942,NA
"51","Cameroon","lf",2010,0,4152222,NA,NA,NA,NA,NA,NA,NA,0,3845562,0,1076762,NA,NA,NA,NA,NA,NA,NA,NA,5263642,NA
"52","Cameroon","lf",2011,0,11071084,NA,NA,NA,NA,NA,NA,NA,0,8779867,0,2355424,NA,NA,NA,NA,NA,NA,NA,NA,13774843,NA
"53","Cameroon","lf",2012,10078040,10078040,NA,NA,NA,NA,NA,NA,NA,9549164.9208,9549164.9208,0,2861590.1768536,NA,NA,NA,NA,NA,NA,NA,NA,12024952,NA
"54","Cameroon","lf",2013,10450248,10450248,NA,NA,NA,NA,NA,NA,NA,9882330.2,9882330.2,3808864,3808864,NA,NA,NA,NA,NA,NA,NA,NA,13165090.206,NA
"55","Cameroon","lf",2014,11858320.886384,11858320.886384,NA,NA,NA,NA,NA,NA,NA,104191,104191,41337,41337,NA,NA,NA,NA,NA,NA,NA,NA,15642575.3779,NA
"56","Cameroon","oncho",2010,0,0,NA,0,0,0,0,NA,NA,0,643133,NA,NA,0,643133,0,0,NA,NA,NA,NA,866284,NA
"57","Cameroon","oncho",2011,0,1024206,NA,0,1024206,0,0,NA,NA,0,5242353,NA,NA,0,5242353,0,0,NA,NA,NA,NA,7973527,NA
"58","Cameroon","oncho",2012,6743460,6743460,NA,6743460,6743460,0,0,NA,NA,6271211,6271211,NA,NA,6271211,6271211,0,0,NA,NA,NA,NA,7791564,NA
"59","Cameroon","oncho",2013,6911228,6911228,NA,6911228,6911228,0,0,NA,NA,6515104,6515104,NA,NA,6515104,6515104,0,0,NA,NA,NA,NA,8050890,NA
"60","Cameroon","oncho",2014,8457459.739408,8457459.739408,NA,8457459.739408,8457459.739408,0,0,NA,NA,104191,104191,NA,NA,104191,104191,0,0,NA,NA,NA,NA,10563237.67426,NA
"61","Cameroon","schisto",2010,0,1148818,0,NA,NA,NA,NA,NA,NA,0,1062425.382,0,1062425.382,NA,NA,NA,NA,NA,NA,NA,NA,6351447,0
"62","Cameroon","schisto",2011,0,2878597,0,NA,NA,NA,NA,NA,NA,0,1697192,0,1697192,NA,NA,NA,NA,NA,NA,NA,NA,10179027,0
"63","Cameroon","schisto",2012,2873327.795,2873327.795,2753769.675,NA,NA,NA,NA,NA,NA,2329969,2329969,2329969,2329969,NA,NA,NA,NA,NA,NA,NA,NA,10507980,2754181.791
"64","Cameroon","schisto",2013,3035861.404344,3035861.404344,2878577.05716,NA,NA,NA,NA,NA,NA,970391,970391,970391,970391,NA,NA,NA,NA,NA,NA,NA,NA,10781187.48,2878577.05716
"65","Cameroon","schisto",2014,3126937.51724524,3126937.51724524,2964934.3688748,NA,NA,NA,NA,NA,NA,1690519,1690519,1690519,1690519,NA,NA,NA,NA,NA,NA,NA,NA,11104623.1044,2964934.3688748
"66","Cameroon","sth",2010,0,6600761.1405,0,0,4152222,0,3403870.1405,0,0,0,6069632.7928,0,3399003.7928,0,3845562,0,3216805.7928,0,1076762,0,3216805.7928,19886598.8355,0
"67","Cameroon","sth",2011,0,12693313,0,0,11071084,0,5625283,0,0,0,9875107,0,4273416,0,8779867,0,3418380,0,2355424,0,3418380,20553144,0
"68","Cameroon","sth",2012,11700527.565,11667106,5418289.059,5462182.307,5410874,10078040,10078040,5410874,2700372.358,10849747.9208,10849747.9208,4822578.9128536,4822578.9128536,4396032,4396032,9549164.9208,9549164.9208,4396032,4396032,2861590.1768536,2861590.1768536,20811040,5410874
"69","Cameroon","sth",2013,12125744.63334,12125744.63334,5718389.55581,5701017.91968,5701017.91968,10450248,10450248,5701017.91968,2923872,11192623.2,11192623.2,5420118.95,5420118.95,4558093,4558093,9882030.2,9882030.2,4558093,4558093,3808863.95,3808863.95,21352127.04,5701017.91968
"70","Cameroon","sth",2014,13567401.02113,13567401.02113,5872048.4572704,5872048.4572704,5872048.4572704,11858320.886384,11858320.886384,5872048.4572704,4020612.6055678,2088678,2088678,2058703,2058703,2051219,2051219,104191,104191,2051219,2051219,41337,41337,21992690.8512,5872048.4572704
"71","Cameroon","trachoma",2010,0,0,NA,NA,NA,NA,NA,NA,NA,0,0,NA,NA,NA,NA,NA,NA,NA,NA,NA,NA,0,NA
"72","Cameroon","trachoma",2011,0,901272,NA,NA,NA,NA,NA,NA,NA,0,734327,NA,NA,NA,NA,NA,NA,NA,NA,NA,NA,919664,NA
"73","Cameroon","trachoma",2012,1511061.04,1511061.04,NA,NA,NA,NA,NA,NA,NA,1495383,1495383,NA,NA,NA,NA,NA,NA,NA,NA,NA,NA,1563950,NA
"74","Cameroon","trachoma",2013,1974501,1974501,NA,NA,NA,NA,NA,NA,NA,1675555,1675555,NA,NA,NA,NA,NA,NA,NA,NA,NA,NA,1974501,NA
"75","Cameroon","trachoma",2014,2151815.436,2151815.436,NA,NA,NA,NA,NA,NA,NA,0,0,NA,NA,NA,NA,NA,NA,NA,NA,NA,NA,2151815.436,NA
"76","Ghana","lf",2007,0,5504294.44505315,NA,NA,NA,NA,NA,NA,NA,0,4736160.63010252,0,0,NA,NA,NA,NA,NA,NA,NA,NA,6880366.57512714,NA
"77","Ghana","lf",2009,0,5630316,NA,NA,NA,NA,NA,NA,NA,0,5154490,0,1407174,NA,NA,NA,NA,NA,NA,NA,NA,7037897,NA
"78","Ghana","lf",2010,0,6747562,NA,NA,NA,NA,NA,NA,NA,0,6299882.64,0,1719868,NA,NA,NA,NA,NA,NA,NA,NA,8434452,NA
"79","Ghana","lf",2011,0,6552582,NA,NA,NA,NA,NA,NA,NA,0,5366233.5660717,0,1737837,NA,NA,NA,NA,NA,NA,NA,NA,8190731,NA
"80","Ghana","lf",2012,6658154,6658154,NA,NA,NA,NA,NA,NA,NA,5906933,5906933,0,1612594,NA,NA,NA,NA,NA,NA,NA,NA,8322693,NA
"81","Ghana","lf",2013,6824608.26,6824608.26,NA,NA,NA,NA,NA,NA,NA,6008388,6008388,1640289.924,1640289.924,NA,NA,NA,NA,NA,NA,NA,NA,8530760.325,NA
"82","Ghana","lf",2014,7293559.19887467,7293559.19887467,NA,NA,NA,NA,NA,NA,NA,6506324.4818,6506324.4818,1594049.498041,1594049.498041,NA,NA,NA,NA,NA,NA,NA,NA,2381948.04059082,NA
"83","Ghana","oncho",2007,0,620195,NA,0,620195,0,0,NA,NA,0,482306,NA,NA,0,482306,0,0,NA,NA,NA,NA,0,NA
"84","Ghana","oncho",2009,0,752497,NA,0,752497,0,0,NA,NA,0,654826,NA,NA,0,654826,0,0,NA,NA,NA,NA,878231,NA
"85","Ghana","oncho",2010,0,2108090,NA,0,2108090,0,0,NA,NA,0,1823132,NA,NA,0,1823132,0,0,NA,NA,NA,NA,2473881,NA
"86","Ghana","oncho",2011,0,1497738,NA,0,1497738,0,0,NA,NA,0,1259327,NA,NA,0,1259327,0,0,NA,NA,NA,NA,1762042,NA
"87","Ghana","oncho",2012,2189244,1649326,NA,2873297,2839399,2110650.4,0,NA,NA,2108377,1513152,NA,NA,2619536,2619536,1923911,0,NA,NA,NA,NA,2473419,NA
"88","Ghana","oncho",2013,1939619.909,1537445.509,NA,2643378.309,2643378.309,1771502.309,0,NA,NA,1986569,1569616,NA,NA,2694794,2694794,0,0,NA,NA,NA,NA,2424524.88625,NA
"89","Ghana","oncho",2014,2012924.02706194,2012924.02706194,NA,3141546.42706194,3141546.42706194,2012924.02706194,0,NA,NA,2093951,2093951,NA,NA,3238350,3238350,0,0,NA,NA,NA,NA,2516155.03382743,NA
"90","Ghana","schisto",2007,0,0,0,NA,NA,NA,NA,NA,NA,0,0,0,0,NA,NA,NA,NA,NA,NA,NA,NA,0,0
"91","Ghana","schisto",2009,0,1255777,0,NA,NA,NA,NA,NA,NA,0,892615,0,892615,NA,NA,NA,NA,NA,NA,NA,NA,1708533,0
"92","Ghana","schisto",2010,0,2011502,0,NA,NA,NA,NA,NA,NA,0,1739837,0,1739837,NA,NA,NA,NA,NA,NA,NA,NA,2696796,0
"93","Ghana","schisto",2011,0,1659870,0,NA,NA,NA,NA,NA,NA,0,1383831,0,1383831,NA,NA,NA,NA,NA,NA,NA,NA,3167026,0
"94","Ghana","schisto",2012,4349200,4310362,4310362,NA,NA,NA,NA,NA,NA,2987234,2987434,2987234,2987434,NA,NA,NA,NA,NA,NA,NA,NA,15788863,4310362
"95","Ghana","schisto",2013,6400743.111035,6400743.111035,3625221.019875,NA,NA,NA,NA,NA,NA,0,0,0,0,NA,NA,NA,NA,NA,NA,NA,NA,13279197.875,3625221.019875
"96","Ghana","schisto",2014,6327267.77173495,5718814.05785816,5718814.05785816,NA,NA,NA,NA,NA,NA,0,0,0,0,NA,NA,NA,NA,NA,NA,NA,NA,18456198.1969418,4521768.55825075
"97","Ghana","sth",2007,0,5632834,0,0,5632834,0,0,0,0,0,4815156,0,0,0,4815156,0,0,0,0,0,0,7041041,0
"98","Ghana","sth",2009,0,5630316,0,0,5630316,0,0,0,0,0,5154490,0,1407174,0,5154490,0,0,0,1407174,0,0,7037897,0
"99","Ghana","sth",2010,0,8571566,0,0,6747562,0,2011502,0,0,0,7892826.64,0,3321866,0,6299882.64,0,1739837,0,1719868,0,1739837,10875440,0
"100","Ghana","sth",2011,0,7527831,0,0,6552582,0,1659870,0,0,0,7168609,0,2578071,0,6365718,0,1383831,0,1737837,0,1383831,10456571,0
"101","Ghana","sth",2012,4310362,4310362,4310362,2272094,2272094,4310362,4310362,1612594,4310362,5899088,5617679,2966729,3111089,5906933,5906933,2966729,2966729,0,1618871,2966729,2966729,4775885,4310362
"102","Ghana","sth",2013,4549128.4566,2632408.35585,2632408.35585,3625221.019875,3625221.019875,2328897.568725,2328897.568725,3625221.019875,2328897.568725,5510577,3947416,1504387.521,1077644.568,0,0,6009114,6009014,0,0,1640488.122,1640460.822,16663474.2,4549128.4566
"103","Ghana","sth",2014,4205809.02698154,4205809.02698154,4205809.02698154,1786922.00372429,1786922.00372429,3617414.8466006,3617414.8466006,1786922.00372429,3617414.8466006,1594049.498041,1594049.498041,1594049.498041,1594049.498041,1594049.498041,1594049.498041,0,0,1594049.498041,1594049.498041,0,0,5257261.28372693,5257261.28372693
"104","Ghana","trachoma",2007,0,1049217,NA,NA,NA,NA,NA,NA,NA,0,924376,NA,NA,NA,NA,NA,NA,NA,NA,NA,NA,1049217,NA
"105","Ghana","trachoma",2009,0,188933,NA,NA,NA,NA,NA,NA,NA,0,170867,NA,NA,NA,NA,NA,NA,NA,NA,NA,NA,0,NA
"106","Ghana","trachoma",2010,0,0,NA,NA,NA,NA,NA,NA,NA,0,0,NA,NA,NA,NA,NA,NA,NA,NA,NA,NA,0,NA
"107","Ghana","trachoma",2011,0,0,NA,NA,NA,NA,NA,NA,NA,0,0,NA,NA,NA,NA,NA,NA,NA,NA,NA,NA,0,NA
"108","Ghana","trachoma",2012,5452,5452,NA,NA,NA,NA,NA,NA,NA,3586.8739926941,4646,NA,NA,NA,NA,NA,NA,NA,NA,NA,NA,5452,NA
"109","Ghana","trachoma",2013,6053,0,NA,NA,NA,NA,NA,NA,NA,0,0,NA,NA,NA,NA,NA,NA,NA,NA,NA,NA,6053,NA
"110","Ghana","trachoma",2014,1567,1567,NA,NA,NA,NA,NA,NA,NA,0,0,NA,NA,NA,NA,NA,NA,NA,NA,NA,NA,1567,NA
"111","Guinea","lf",2012,1078246.4,1078246.4,NA,NA,NA,NA,NA,NA,NA,0,0,0,0,NA,NA,NA,NA,NA,NA,NA,NA,5510051,NA
"112","Guinea","lf",2013,1111340.4688,1111340.4688,NA,NA,NA,NA,NA,NA,NA,0,0,0,0,NA,NA,NA,NA,NA,NA,NA,NA,6676301.076,NA
"113","Guinea","lf",2014,1145792.0233328,1145792.0233328,NA,NA,NA,NA,NA,NA,NA,956726,956726,365768,365768,NA,NA,NA,NA,NA,NA,NA,NA,6883266.670199,NA
"114","Guinea","oncho",2012,2645064.85,0,NA,2645064.85,0,0,0,NA,NA,2517391,0,NA,NA,2517391,0,0,0,NA,NA,NA,NA,6035995,NA
"115","Guinea","oncho",2013,2213544,402036.8,NA,2213544,402036.8,0,0,NA,NA,2260636,0,NA,NA,2260636,0,0,0,NA,NA,NA,NA,2739531.3656851,NA
"116","Guinea","oncho",2014,2736259,1145792.0233328,NA,2736259,1145792.0233328,0,0,NA,NA,2230699,956726,NA,NA,2230699,956726,0,0,NA,NA,NA,NA,2824456.83802134,NA
"117","Guinea","schisto",2012,758219.75,758219.75,758219.75,NA,NA,NA,NA,NA,NA,691654,691654,691654,691654,NA,NA,NA,NA,NA,NA,NA,NA,3588832,897208
"118","Guinea","schisto",2013,4056223.55495,4056223.55495,1700616.19975,NA,NA,NA,NA,NA,NA,0,0,0,0,NA,NA,NA,NA,NA,NA,NA,NA,5577065.625,1394266.40625
"119","Guinea","schisto",2014,3719597.58345145,3719597.58345145,1480918.06242075,NA,NA,NA,NA,NA,NA,0,0,0,0,NA,NA,NA,NA,NA,NA,NA,NA,5923672.249683,1480918.06242075
"120","Guinea","sth",2012,1578360.91,1230487.15,758219.75,1243480.39,758219.75,686934.4,686934.4,758219.75,0,691654,691654,691654,691654,691654,691654,0,0,691654,691654,0,0,3032879,758219.75
"121","Guinea","sth",2013,1855183.23994,1365486.3335,834314.5835,1855183.23994,1365486.3335,362967.55028,221321.677,834314.5835,221321.677,0,0,0,0,0,0,0,0,0,0,0,0,7141948.355,834314.5835
"122","Guinea","sth",2014,1965323,1965323.15703975,1463321.80602675,1965323,1965323.15703975,730184,730184,1463321.80602675,228182.648987,639425,639425,222148,222148,639425,639425,0,0,222148,222148,0,0,6733034,1683260.39585175
"123","Guinea","trachoma",2012,0,0,NA,NA,NA,NA,NA,NA,NA,0,0,NA,NA,NA,NA,NA,NA,NA,NA,NA,NA,2810381,NA
"124","Guinea","trachoma",2013,1130937.923,1130937.923,NA,NA,NA,NA,NA,NA,NA,421996,421996,NA,NA,NA,NA,NA,NA,NA,NA,NA,NA,1502620.64,NA
"125","Guinea","trachoma",2014,2715198.878453,2715198.878453,NA,NA,NA,NA,NA,NA,NA,1994776,1994776,NA,NA,NA,NA,NA,NA,NA,NA,NA,NA,5330144,NA
"126","Haiti","lf",2009,0,2036835,NA,NA,NA,NA,NA,NA,NA,0,2111826,0,184863,NA,NA,NA,NA,NA,NA,NA,NA,2396276,NA
"127","Haiti","lf",2010,0,3591553,NA,NA,NA,NA,NA,NA,NA,0,3599143,0,725787,NA,NA,NA,NA,NA,NA,NA,NA,3801570,NA
"128","Haiti","lf",2011,0,4331093,NA,NA,NA,NA,NA,NA,NA,0,4784104,0,1196025,NA,NA,NA,NA,NA,NA,NA,NA,5095409,NA
"129","Haiti","lf",2012,5435136,5435136,NA,NA,NA,NA,NA,NA,NA,4848373,4848373,1212093.25,1212093.25,NA,NA,NA,NA,NA,NA,NA,NA,5435136,NA
"130","Haiti","lf",2013,5545553,5545553,NA,NA,NA,NA,NA,NA,NA,4998704,4998704,1249676,1249676,NA,NA,NA,NA,NA,NA,NA,NA,5545553,NA
"131","Haiti","lf",2014,5900110,5900110,NA,NA,NA,NA,NA,NA,NA,5159277,5159277,1289819.25,1289819.25,NA,NA,NA,NA,NA,NA,NA,NA,5900110,NA
"132","Haiti","sth",2009,0,2036835,0,0,2036835,0,0,0,0,0,2111826,0,184863,0,2111826,0,0,0,184863,0,0,2396276,0
"133","Haiti","sth",2010,0,3591553,0,0,3591553,0,0,0,0,0,3599143,0,899092,0,3599143,0,0,0,899092,0,0,3801570,0
"134","Haiti","sth",2011,0,4331093,0,0,4331093,0,0,0,0,0,4784104,0,1196025,0,4784104,0,0,0,1196025,0,0,5095409,0
"135","Haiti","sth",2012,5435136,5435136,1358786,5435136,5435136,0,0,1358786,0,4848373,4848373,1212093.25,1212093.25,4848373,4848373,0,0,1212093.25,1212093.25,0,0,5435136,1358786
"136","Haiti","sth",2013,4936780,4683277,1158946.5,5545553,5545553,266635,0,1372301.5,0,4173157,4173157,1043289.25,1043289.25,4998704,4998704,260788,0,1249676,1249676,0,0,4936780,1231979.25
"137","Haiti","sth",2014,5778959,5778959,1444739.75,5900110,5900110,266648.9,0,1475027.5,0,5049741,5049741,1262435.25,1262435.25,5159277,5159277,88519,0,1289819.25,1289819.25,0,0,5778959,1444739.75
"138","Indonesia","lf",2011,0,3231538,NA,NA,NA,NA,NA,NA,NA,0,2533928,0,429829,NA,NA,NA,NA,NA,NA,NA,NA,3947148,NA
"139","Indonesia","lf",2012,21983764,9203080,NA,NA,NA,NA,NA,NA,NA,17795269,7778577,0,1423710,NA,NA,NA,NA,NA,NA,NA,NA,44818867.8621676,NA
"140","Indonesia","lf",2013,16976267.4,13533172.6,NA,NA,NA,NA,NA,NA,NA,14477186,11509236,2425385,2425385,NA,NA,NA,NA,NA,NA,NA,NA,152622887,NA
"141","Indonesia","lf",2014,13906657,13521943,NA,NA,NA,NA,NA,NA,NA,11938749,122499,1483052.788195,31688,NA,NA,NA,NA,NA,NA,NA,NA,184457915,NA
"142","Indonesia","schisto",2011,0,0,0,NA,NA,NA,NA,NA,NA,0,0,0,0,NA,NA,NA,NA,NA,NA,NA,NA,0,0
"143","Indonesia","schisto",2012,557,0,0,NA,NA,NA,NA,NA,NA,525,0,0,0,NA,NA,NA,NA,NA,NA,NA,NA,15459,0
"144","Indonesia","schisto",2013,3938,0,0,NA,NA,NA,NA,NA,NA,3659,0,0,0,NA,NA,NA,NA,NA,NA,NA,NA,19135,0
"145","Indonesia","schisto",2014,0,0,0,NA,NA,NA,NA,NA,NA,0,0,0,0,NA,NA,NA,NA,NA,NA,NA,NA,40500,0
"146","Indonesia","sth",2011,0,3231538,0,0,3231538,0,0,0,0,0,2533928,0,429829,0,2533928,0,0,0,429829,0,0,3947148,0
"147","Indonesia","sth",2012,21983764,9203080,1426479,21983764,9203080,0,0,1426479,0,18228997,7778577,0,1413134,18228997,7778577,0,0,0,1413134,0,0,134360514.418112,21076008
"148","Indonesia","sth",2013,18159131.12,13533112.6,2732096.905,18159131.12,13533112.6,0,0,2732096.905,0,15581234,11509236,2425385,2425385,15581234,11509236,0,0,2425385,2425385,0,0,187646245,29085167.975
"149","Indonesia","sth",2014,13906657,13521943,2204029.276,13906657,13521943,0,0,2204029.276,0,11938749,122499,1483052.788195,31688,11938749,122499,0,0,1483052.788195,31688,0,0,194555705,30156134.275
"150","Mali","lf",2007,0,4413065,NA,NA,NA,NA,NA,NA,NA,0,4527977,0,0,NA,NA,NA,NA,NA,NA,NA,NA,5963602,NA
"151","Mali","lf",2008,0,6930088,NA,NA,NA,NA,NA,NA,NA,0,5445651,0,1633695,NA,NA,NA,NA,NA,NA,NA,NA,8035935,NA
"152","Mali","lf",2009,0,11491283,NA,NA,NA,NA,NA,NA,NA,0,9730857,0,2919255,NA,NA,NA,NA,NA,NA,NA,NA,13580813,NA
"153","Mali","lf",2010,0,11257978,NA,NA,NA,NA,NA,NA,NA,0,10053687,0,3016102,NA,NA,NA,NA,NA,NA,NA,NA,13838582,NA
"154","Mali","lf",2011,0,12461775,NA,NA,NA,NA,NA,NA,NA,0,11661160,0,3474857,NA,NA,NA,NA,NA,NA,NA,NA,15577215,NA
"155","Mali","lf",2012,10782824,0,NA,NA,NA,NA,NA,NA,NA,10425374,0,4496090,0,NA,NA,NA,NA,NA,NA,NA,NA,13478530,NA
"156","Mali","lf",2013,11772364.8,0,NA,NA,NA,NA,NA,NA,NA,11959908,0,5162457,0,NA,NA,NA,NA,NA,NA,NA,NA,14715456,NA
"157","Mali","lf",2014,1494079.2,1494079.2,NA,NA,NA,NA,NA,NA,NA,878154,878154,372882,372882,NA,NA,NA,NA,NA,NA,NA,NA,13859519,NA
"158","Mali","oncho",2007,0,0,NA,0,0,0,0,NA,NA,0,0,NA,NA,0,0,0,0,NA,NA,NA,NA,0,NA
"159","Mali","oncho",2008,0,0,NA,0,0,0,0,NA,NA,0,1701300,NA,NA,0,1701300,0,0,NA,NA,NA,NA,2701979,NA
"160","Mali","oncho",2009,0,0,NA,0,0,0,0,NA,NA,0,3203383,NA,NA,0,3203383,0,0,NA,NA,NA,NA,3812869,NA
"161","Mali","oncho",2010,0,510844,NA,0,510844,0,0,NA,NA,0,3402881,NA,NA,0,3402881,0,0,NA,NA,NA,NA,4703914,NA
"162","Mali","oncho",2011,0,0,NA,0,0,0,0,NA,NA,0,2701205,NA,NA,0,2701205,0,0,NA,NA,NA,NA,5319907,NA
"163","Mali","oncho",2012,3893115.2,0,NA,3893115.2,0,0,0,NA,NA,3596906,0,NA,NA,3596906,0,0,0,NA,NA,NA,NA,4860508,NA
"164","Mali","oncho",2013,4052740,0,NA,4052740,0,0,0,NA,NA,4149705,0,NA,NA,4149705,0,0,0,NA,NA,NA,NA,5065925,NA
"165","Mali","oncho",2014,468804.8,269278.4,NA,468804.8,269278.4,0,0,NA,NA,465169,239661,NA,NA,465169,239661,0,0,NA,NA,NA,NA,5000014,NA
"166","Mali","schisto",2007,0,683917,0,NA,NA,NA,NA,NA,NA,0,470810,0,0,NA,NA,NA,NA,NA,NA,NA,NA,0,0
"167","Mali","schisto",2008,0,4383410,0,NA,NA,NA,NA,NA,NA,0,2551995,0,1468409,NA,NA,NA,NA,NA,NA,NA,NA,4023437,0
"168","Mali","schisto",2009,0,2517690,0,NA,NA,NA,NA,NA,NA,0,1796586,0,1148773,NA,NA,NA,NA,NA,NA,NA,NA,4123655,0
"169","Mali","schisto",2010,0,6403526,0,NA,NA,NA,NA,NA,NA,0,4483715,0,2757941,NA,NA,NA,NA,NA,NA,NA,NA,10149126,0
"170","Mali","schisto",2011,0,3417980,0,NA,NA,NA,NA,NA,NA,0,2521427,0,1736826,NA,NA,NA,NA,NA,NA,NA,NA,5241546,0
"171","Mali","schisto",2012,3345957.425722,0,1649128.4750028,NA,NA,NA,NA,NA,NA,2317934,0,1874897,0,NA,NA,NA,NA,NA,NA,NA,NA,10000830,3000249
"172","Mali","schisto",2013,5748658.32,0,0,NA,NA,NA,NA,NA,NA,4372303,0,2648111,0,NA,NA,NA,NA,NA,NA,NA,NA,9756679,2731870.12
"173","Mali","schisto",2014,1338037.2,1338037.2,535979.7,NA,NA,NA,NA,NA,NA,553400,553400,258020,258020,NA,NA,NA,NA,NA,NA,NA,NA,14565514,4369654.2
"174","Mali","sth",2007,0,4413065,0,0,4413065,0,0,0,0,0,4527977,0,0,0,4527977,0,0,0,0,0,0,5963602,0
"175","Mali","sth",2008,0,6930088,0,0,6930088,0,0,0,0,0,5445651,0,1633695,0,5445651,0,0,0,1633695,0,0,8035935,0
"176","Mali","sth",2009,0,11491283,0,0,11491283,0,0,0,0,0,9730857,0,2919255,0,9730857,0,0,0,2919255,0,0,13580813,0
"177","Mali","sth",2010,0,11257978,0,0,11257978,0,0,0,0,0,10053687,0,3016102,0,10053687,0,0,0,3016102,0,0,13838582,0
"178","Mali","sth",2011,0,12461775,0,0,12461775,0,0,0,0,0,11661160,0,3474857,0,11661160,0,0,0,3474857,0,0,15577215,0
"179","Mali","sth",2012,10782821,0,4043563,10782821,0,0,0,4043563,0,10425374,0,4496090,0,10425374,0,0,0,4496090,0,0,0,13478530,4043563
"180","Mali","sth",2013,11772364.8,0,0,11772364.8,0,0,0,0,0,11959908,0,5162457,0,11959908,0,0,0,5162457,0,0,0,14715456,4120327.68
"181","Mali","sth",2014,1494079.2,1494079.2,560279.7,1494079.2,1494079.2,0,0,560279.7,0,878154,878154,372882,372882,878154,878154,0,0,372882,372882,0,0,14565514,4369654.2
"182","Mali","trachoma",2007,0,2090999,NA,NA,NA,NA,NA,NA,NA,0,1767877,NA,NA,NA,NA,NA,NA,NA,NA,NA,NA,2248385,NA
"183","Mali","trachoma",2008,0,6323862,NA,NA,NA,NA,NA,NA,NA,0,5577539,NA,NA,NA,NA,NA,NA,NA,NA,NA,NA,7226603,NA
"184","Mali","trachoma",2009,0,8761770,NA,NA,NA,NA,NA,NA,NA,0,6416637,NA,NA,NA,NA,NA,NA,NA,NA,NA,NA,8791856,NA
"185","Mali","trachoma",2010,0,4030262,NA,NA,NA,NA,NA,NA,NA,0,3145826,NA,NA,NA,NA,NA,NA,NA,NA,NA,NA,4044071,NA
"186","Mali","trachoma",2011,0,1324898,NA,NA,NA,NA,NA,NA,NA,0,981574,NA,NA,NA,NA,NA,NA,NA,NA,NA,NA,1324898,NA
"187","Mali","trachoma",2012,739305,0,NA,NA,NA,NA,NA,NA,NA,566350,0,NA,NA,NA,NA,NA,NA,NA,NA,NA,NA,739305,NA
"188","Mali","trachoma",2013,168045,0,NA,NA,NA,NA,NA,NA,NA,170019,0,NA,NA,NA,NA,NA,NA,NA,NA,NA,NA,187944,NA
"189","Mali","trachoma",2014,0,0,NA,NA,NA,NA,NA,NA,NA,0,0,NA,NA,NA,NA,NA,NA,NA,NA,NA,NA,706922,NA
"190","Mozambique","lf",2013,0,0,NA,NA,NA,NA,NA,NA,NA,0,0,0,0,NA,NA,NA,NA,NA,NA,NA,NA,17715655,NA
"191","Mozambique","lf",2014,14574600.1557952,0,NA,NA,NA,NA,NA,NA,NA,0,0,0,0,NA,NA,NA,NA,NA,NA,NA,NA,18218250.1947439,NA
"192","Mozambique","oncho",2013,0,0,NA,0,0,0,0,NA,NA,0,0,NA,NA,0,0,0,0,NA,NA,NA,NA,0,NA
"193","Mozambique","oncho",2014,0,0,NA,0,0,0,0,NA,NA,0,0,NA,NA,0,0,0,0,NA,NA,NA,NA,0,NA
"194","Mozambique","schisto",2013,2304015.52,0,0,NA,NA,NA,NA,NA,NA,1892166,0,1892166,0,NA,NA,NA,NA,NA,NA,NA,NA,16137488,4518496.64
"195","Mozambique","schisto",2014,5473164.35780285,0,0,NA,NA,NA,NA,NA,NA,5883961,0,5883961,0,NA,NA,NA,NA,NA,NA,NA,NA,19547015.5635816,5473164.35780285
"196","Mozambique","sth",2013,1908723.04,0,0,0,0,1908723.04,0,0,0,0,0,0,0,0,0,0,0,0,0,0,0,17549247,4913789.16
"197","Mozambique","sth",2014,15744027.3297088,0,0,15744027.3297088,0,1140536.19411846,0,0,0,2137154,0,0,0,1011744,0,1125410,0,0,0,0,0,22394775.8158643,6270537.22844199
"198","Mozambique","trachoma",2013,496160,496160,NA,NA,NA,NA,NA,NA,NA,473647,473647,NA,NA,NA,NA,NA,NA,NA,NA,NA,NA,3899978,NA
"199","Mozambique","trachoma",2014,2208714.69980309,2208714.69980309,NA,NA,NA,NA,NA,NA,NA,1636228,1636228,NA,NA,NA,NA,NA,NA,NA,NA,NA,NA,2300953.11430775,NA
"200","Nepal","lf",2011,0,14533412,NA,NA,NA,NA,NA,NA,NA,0,12276826,0,3679911,NA,NA,NA,NA,NA,NA,NA,NA,15505463,NA
"201","Nepal","lf",2012,18616283,18616283,NA,NA,NA,NA,NA,NA,NA,13546889,13546889,3711847,3711847,NA,NA,NA,NA,NA,NA,NA,NA,20017508,NA
"202","Nepal","lf",2013,20322546.93,20322546.93,NA,NA,NA,NA,NA,NA,NA,16116207,16116207,4451296.3734,4451296.3734,NA,NA,NA,NA,NA,NA,NA,NA,15398897,NA
"203","Nepal","lf",2014,7871838.06,7871838.06,NA,NA,NA,NA,NA,NA,NA,5517177,5517177,1523844.2874,1523844.2874,NA,NA,NA,NA,NA,NA,NA,NA,8464342,NA
"204","Nepal","sth",2011,0,14533412,0,0,14533412,0,0,0,0,0,12276826,0,3679911,0,12276826,0,0,0,3679911,0,0,15505463,0
"205","Nepal","sth",2012,5479085.82,0,5484800,4613371.455,0,2176197,0,0,5484800,14204532,12354763,3711847,3711847,3921365.73675,0,12354763,12354763,0,0,3711847,3711847,27959827,7660997
"206","Nepal","sth",2013,22087550.5306,20322546.93,5613087.462066,20322546.93,20322546.93,7317782.0048,0,5613087.462066,0,17583674,16116207,5517350.3734,4451296.3734,16116207,16116207,1066054,0,4451296.3734,4451296.3734,1066054,0,26494504,7317782.0048
"207","Nepal","sth",2014,19087470.861,14762884.06,4077508.569572,11438364.3364,7327018.95,7364250.7214,544819,2023722.63399,150479,14429571,10933596,5564537.2476,3019859.2152,9099711,5416419,6168529,474598,4171776.9278,1496014.9278,131083.9676,131083.9676,27248574,7526056.1388
"208","Nepal","trachoma",2011,0,846520,NA,NA,NA,NA,NA,NA,NA,0,481569,NA,NA,NA,NA,NA,NA,NA,NA,NA,NA,891073,NA
"209","Nepal","trachoma",2012,846519.35,846519.35,NA,NA,NA,NA,NA,NA,NA,625784,625784,NA,NA,NA,NA,NA,NA,NA,NA,NA,NA,891073,NA
"210","Nepal","trachoma",2013,850524.55,850524.55,NA,NA,NA,NA,NA,NA,NA,730131,730131,NA,NA,NA,NA,NA,NA,NA,NA,NA,NA,895289,NA
"211","Nepal","trachoma",2014,695450.35,695450.35,NA,NA,NA,NA,NA,NA,NA,576067,576067,NA,NA,NA,NA,NA,NA,NA,NA,NA,NA,517447,NA
"212","Niger","lf",2007,0,0,NA,NA,NA,NA,NA,NA,NA,0,2223903,0,0,NA,NA,NA,NA,NA,NA,NA,NA,3023604,NA
"213","Niger","lf",2008,0,5243973,NA,NA,NA,NA,NA,NA,NA,0,3849412,0,1287474,NA,NA,NA,NA,NA,NA,NA,NA,6554967,NA
"214","Niger","lf",2009,0,6601973,NA,NA,NA,NA,NA,NA,NA,0,5203507,0,2279615,NA,NA,NA,NA,NA,NA,NA,NA,8252465,NA
"215","Niger","lf",2010,0,7381039,NA,NA,NA,NA,NA,NA,NA,0,6605928,0,3247665,NA,NA,NA,NA,NA,NA,NA,NA,9434179,NA
"216","Niger","lf",2011,0,9052292,NA,NA,NA,NA,NA,NA,NA,0,7394521,0,0,NA,NA,NA,NA,NA,NA,NA,NA,11733220,NA
"217","Niger","lf",2012,9931544.47334167,9931544.47334167,NA,NA,NA,NA,NA,NA,NA,8926673.5552,8926673.5552,2678002.06656,2678002.06656,NA,NA,NA,NA,NA,NA,NA,NA,12414430.5916771,NA
"218","Niger","lf",2013,9931544.47334167,9931544.47334167,NA,NA,NA,NA,NA,NA,NA,862180,862180,449078,449078,NA,NA,NA,NA,NA,NA,NA,NA,12414430.5916771,NA
"219","Niger","lf",2014,9079184.07334167,9079184.07334167,NA,NA,NA,NA,NA,NA,NA,7636758,7636758,2891705.8,2891705.8,NA,NA,NA,NA,NA,NA,NA,NA,9971447.59167709,NA
"220","Niger","schisto",2007,0,1466095,0,NA,NA,NA,NA,NA,NA,0,1395163,0,0,NA,NA,NA,NA,NA,NA,NA,NA,1655734,0
"221","Niger","schisto",2008,0,1641413,0,NA,NA,NA,NA,NA,NA,0,1338938,0,475775,NA,NA,NA,NA,NA,NA,NA,NA,1945953,0
"222","Niger","schisto",2009,0,1692192,0,NA,NA,NA,NA,NA,NA,0,1515473,0,910266,NA,NA,NA,NA,NA,NA,NA,NA,2200925,0
"223","Niger","schisto",2010,0,2956807,0,NA,NA,NA,NA,NA,NA,0,2741413,0,1596010,NA,NA,NA,NA,NA,NA,NA,NA,4028015,0
"224","Niger","schisto",2011,0,1097935,0,NA,NA,NA,NA,NA,NA,0,1037214,0,0,NA,NA,NA,NA,NA,NA,NA,NA,1331896,0
"225","Niger","schisto",2012,5156440,5156440,1546932,NA,NA,NA,NA,NA,NA,4180202,4180202,1708436,1708436,NA,NA,NA,NA,NA,NA,NA,NA,6581548.3002178,3669016.5
"226","Niger","schisto",2013,2025400.19340759,2025400.19340759,1272069.6,NA,NA,NA,NA,NA,NA,0,0,0,0,NA,NA,NA,NA,NA,NA,NA,NA,5368276.40356626,2869466.4
"227","Niger","schisto",2014,1915610.30711115,1915610.30711115,1162279.7166215,NA,NA,NA,NA,NA,NA,1915220,1915220,1191215,1191215,NA,NA,NA,NA,NA,NA,NA,NA,5368276.40356626,2834272.15417789
"228","Niger","sth",2007,0,2444109,0,0,2444109,0,0,0,0,0,2223903,0,0,0,2223903,0,0,0,0,0,0,3023604,0
"229","Niger","sth",2008,0,5352730,0,0,5352730,0,0,0,0,0,3945152,0,1330950,0,3945152,0,0,0,1330950,0,0,6554967,0
"230","Niger","sth",2009,0,7431715,0,0,7431715,0,0,0,0,0,5921378,0,2759426,0,5921378,0,0,0,2759426,0,0,9430372,0
"231","Niger","sth",2010,0,7777282,0,0,7777282,0,0,0,0,0,6963025,0,3472506,0,6963025,0,0,0,3472506,0,0,10004186,0
"232","Niger","sth",2011,0,9490329,0,0,9490329,0,0,0,0,0,7812518,0,0,0,7812518,0,0,0,0,0,0,12240244,0
"233","Niger","sth",2012,10828722.2733417,10828722.2733417,2953941.990352,10828722.2733417,10828722.2733417,0,0,2953941.990352,0,9651010.688,9651010.688,2926524,2926524,9651010.688,9651010.688,0,0,2926524,2926524,0,0,14389404,4316821.2
"234","Niger","sth",2013,11486409.2547676,11486409.2547676,4395118.2,11486409.2547676,11486409.2547676,0,0,4395118.2,0,0,0,0,0,0,0,0,0,0,0,0,0,14650394,4395118.2
"235","Niger","sth",2014,10867953.6733417,10867953.6733417,4075482.9,10867953.6733417,10867953.6733417,0,0,4075482.9,0,8760467,8760467,3605728.2,3605728.2,8760467,8760467,0,0,3605728.2,3605728.2,0,0,13584943,4075482.9
"236","Niger","trachoma",2007,0,5662302,NA,NA,NA,NA,NA,NA,NA,0,5175245,NA,NA,NA,NA,NA,NA,NA,NA,NA,NA,5903577,NA
"237","Niger","trachoma",2008,0,7762740,NA,NA,NA,NA,NA,NA,NA,0,5686468,NA,NA,NA,NA,NA,NA,NA,NA,NA,NA,7762740,NA
"238","Niger","trachoma",2009,0,9601014,NA,NA,NA,NA,NA,NA,NA,0,7455930,NA,NA,NA,NA,NA,NA,NA,NA,NA,NA,9601014,NA
"239","Niger","trachoma",2010,0,2755894,NA,NA,NA,NA,NA,NA,NA,0,2222885,NA,NA,NA,NA,NA,NA,NA,NA,NA,NA,2755894,NA
"240","Niger","trachoma",2011,0,5831117,NA,NA,NA,NA,NA,NA,NA,0,4219461,NA,NA,NA,NA,NA,NA,NA,NA,NA,NA,5831122,NA
"241","Niger","trachoma",2012,6957635.56929315,6957635.56929315,NA,NA,NA,NA,NA,NA,NA,5246942,5246942,NA,NA,NA,NA,NA,NA,NA,NA,NA,NA,7302842,NA
"242","Niger","trachoma",2013,8382924,8382924,NA,NA,NA,NA,NA,NA,NA,960145,960145,NA,NA,NA,NA,NA,NA,NA,NA,NA,NA,8370862.83,NA
"243","Niger","trachoma",2014,7317473,7317473,NA,NA,NA,NA,NA,NA,NA,6210894,6210894,NA,NA,NA,NA,NA,NA,NA,NA,NA,NA,7317473,NA
"244","Nigeria","lf",2013,0,0,NA,NA,NA,NA,NA,NA,NA,0,0,0,0,NA,NA,NA,NA,NA,NA,NA,NA,23058863,NA
"245","Nigeria","lf",2014,11362196.2769382,11359444.2769382,NA,NA,NA,NA,NA,NA,NA,9715945,9715945,4566494.15,4566494.15,NA,NA,NA,NA,NA,NA,NA,NA,18903751.233014,NA
"246","Nigeria","oncho",2013,6600077,6600077,NA,6600077,6600077,0,0,NA,NA,6407765,6407765,NA,NA,6407765,6407765,0,0,NA,NA,NA,NA,21825401.4370952,NA
"247","Nigeria","oncho",2014,6870296,6870296,NA,6870296,6870296,0,0,NA,NA,6652709,6652709,NA,NA,6652709,6652709,0,0,NA,NA,NA,NA,21605427.1733245,NA
"248","Nigeria","schisto",2013,1885691,1885691,1885691,NA,NA,NA,NA,NA,NA,1679170,1679170,1679170,1679170,NA,NA,NA,NA,NA,NA,NA,NA,20138325,6041497.5
"249","Nigeria","schisto",2014,1876768.49024628,1876768.49024628,2217861.84034455,NA,NA,NA,NA,NA,NA,1689922,1689922,1689922,1689922,NA,NA,NA,NA,NA,NA,NA,NA,18198855.2022857,5511042.15688451
"250","Nigeria","sth",2013,763654.5,763654.5,763654.5,763654.5,763654.5,0,0,763654.5,0,696878,696878,696878,696878,696878,696878,0,0,696878,696878,0,0,33284623,9985388.9
"251","Nigeria","sth",2014,12572167.3836771,12572167.3836771,12572167.3836771,12572167.3836771,12572167.3836771,0,0,12572167.3836771,0,4682348,4682348,4682348,4682348,4682348,4682348,148346,148346,4682348,4682348,148346,148346,27291899.5906485,8187569.87719455
"252","Nigeria","trachoma",2013,1235042,1235042,NA,NA,NA,NA,NA,NA,NA,1123894,1123894,NA,NA,NA,NA,NA,NA,NA,NA,NA,NA,1235042,NA
"253","Nigeria","trachoma",2014,0,0,NA,NA,NA,NA,NA,NA,NA,0,0,NA,NA,NA,NA,NA,NA,NA,NA,NA,NA,1207049.81931092,NA
"254","Senegal","lf",2013,1458155.2,1458155.2,NA,NA,NA,NA,NA,NA,NA,732288,732288,556547.2511,556547.2511,NA,NA,NA,NA,NA,NA,NA,NA,6291958,NA
"255","Senegal","lf",2014,926339.2,926339.2,NA,NA,NA,NA,NA,NA,NA,660358,660358,358062,358062,NA,NA,NA,NA,NA,NA,NA,NA,6475727,NA
"256","Senegal","oncho",2013,223254,223254,NA,223254,223254,0,0,NA,NA,0,0,NA,NA,0,0,0,0,NA,NA,NA,NA,223254,NA
"257","Senegal","oncho",2014,458663,458663,NA,458663,458663,0,0,NA,NA,0,0,NA,NA,0,0,0,0,NA,NA,NA,NA,231797,NA
"258","Senegal","schisto",2013,2312927.1494,2312927.1494,2249091.1494,NA,NA,NA,NA,NA,NA,1857795,1857795,1793959,1793959,NA,NA,NA,NA,NA,NA,NA,NA,7801218,2249091.1494
"259","Senegal","schisto",2014,2182757.2859,2182757.2859,2182757.2859,NA,NA,NA,NA,NA,NA,1793566,1793566,1793566,1793566,NA,NA,NA,NA,NA,NA,NA,NA,8256657,2380394.2131
"260","Senegal","sth",2013,3034042.9647,3034042.9647,3034042.9647,3034042.9647,3034042.9647,0,0,3034042.9647,0,2799539,2799539,2652558,2652558,2799539,2799539,0,0,2652558,2652558,0,0,10523909,3034042.9647
"261","Senegal","sth",2014,4057361.5083,4057361.5083,4057361.5083,4057361.5083,4057361.5083,0,0,4057361.5083,0,3741556,3741556,3741556,3741556,3741556,3741556,0,0,3741556,3741556,0,0,14073401,4057361.5083
"262","Senegal","trachoma",2013,1049187,0,NA,NA,NA,NA,NA,NA,NA,886190,0,NA,NA,NA,NA,NA,NA,NA,NA,NA,NA,1981538,NA
"263","Senegal","trachoma",2014,1266177,75970.62,NA,NA,NA,NA,NA,NA,NA,627323,33716,NA,NA,NA,NA,NA,NA,NA,NA,NA,NA,1917461,NA
"264","Sierra Leone","lf",2009,0,3885842,NA,NA,NA,NA,NA,NA,NA,0,3179107,0,731196,NA,NA,NA,NA,NA,NA,NA,NA,4571577,NA
"265","Sierra Leone","lf",2010,0,4759028,NA,NA,NA,NA,NA,NA,NA,0,4581133,0,1236906,NA,NA,NA,NA,NA,NA,NA,NA,5635162,NA
"266","Sierra Leone","lf",2011,0,4898587,NA,NA,NA,NA,NA,NA,NA,0,4823908,0,1302456,NA,NA,NA,NA,NA,NA,NA,NA,5804026,NA
"267","Sierra Leone","lf",2012,5348862,5348862,NA,NA,NA,NA,NA,NA,NA,5242394,5242394,1415447,1415447,NA,NA,NA,NA,NA,NA,NA,NA,6607291,NA
"268","Sierra Leone","lf",2013,5412693.6,5412693.6,NA,NA,NA,NA,NA,NA,NA,5214790,5214790,1407993.3,1407993.3,NA,NA,NA,NA,NA,NA,NA,NA,6765867,NA
"269","Sierra Leone","lf",2014,5677855.4,5677855.4,NA,NA,NA,NA,NA,NA,NA,4091497,4091497,1222691,1222691,NA,NA,NA,NA,NA,NA,NA,NA,6954698,NA
"270","Sierra Leone","oncho",2009,0,0,NA,0,0,0,0,NA,NA,0,1891704,NA,NA,0,1891704,0,0,NA,NA,NA,NA,2621264,NA
"271","Sierra Leone","oncho",2010,0,0,NA,0,0,0,0,NA,NA,0,2077545,NA,NA,0,2077545,0,0,NA,NA,NA,NA,2775468,NA
"272","Sierra Leone","oncho",2011,0,0,NA,0,0,0,0,NA,NA,0,2257694,NA,NA,0,2257694,0,0,NA,NA,NA,NA,2958034,NA
"273","Sierra Leone","oncho",2012,2534560,2534560,NA,2534560,2534560,0,0,NA,NA,2446658,2446658,NA,NA,2446658,2446658,0,0,NA,NA,NA,NA,3047253,NA
"274","Sierra Leone","oncho",2013,2714109,2714109,NA,2714109,2714109,0,0,NA,NA,2578593,2578593,NA,NA,2578593,2578593,0,0,NA,NA,NA,NA,3301842,NA
"275","Sierra Leone","oncho",2014,2779255,2779255,NA,2779255,2779255,0,0,NA,NA,2667365,2667365,NA,NA,2667365,2667365,0,0,NA,NA,NA,NA,3381089,NA
"276","Sierra Leone","schisto",2009,0,593701,0,NA,NA,NA,NA,NA,NA,0,562980,0,562980,NA,NA,NA,NA,NA,NA,NA,NA,2113198,0
"277","Sierra Leone","schisto",2010,0,1521594,0,NA,NA,NA,NA,NA,NA,0,1369071,0,540103,NA,NA,NA,NA,NA,NA,NA,NA,1817744,0
"278","Sierra Leone","schisto",2011,0,2180914,0,NA,NA,NA,NA,NA,NA,0,1781037,0,403212,NA,NA,NA,NA,NA,NA,NA,NA,3278861,0
"279","Sierra Leone","schisto",2012,1892308,1892308,621560,NA,NA,NA,NA,NA,NA,1822938,1822938,399120,399120,NA,NA,NA,NA,NA,NA,NA,NA,3387390,914595
"280","Sierra Leone","schisto",2013,1789713.536,1789713.536,621656.76,NA,NA,NA,NA,NA,NA,1662533,1662533,493171,493171,NA,NA,NA,NA,NA,NA,NA,NA,3468688,936545.76
"281","Sierra Leone","schisto",2014,2797615.088,2797615.088,1182351.36,NA,NA,NA,NA,NA,NA,0,0,0,0,NA,NA,NA,NA,NA,NA,NA,NA,5488768,1481967.36
"282","Sierra Leone","sth",2009,0,3885842,0,0,3885842,0,593701,0,0,0,3179107,0,549701,0,3179107,0,549701,0,0,0,549701,4571577,0
"283","Sierra Leone","sth",2010,0,4759028,0,0,4759028,0,626845,0,0,0,4581133,0,1278076,0,4581133,0,540103,0,1236906,0,540103,5635162,0
"284","Sierra Leone","sth",2011,0,4898587,0,0,4898587,0,471947,0,0,0,4823908,0,1302456,0,4823908,0,403212,0,1302456,0,403212,5804026,0
"285","Sierra Leone","sth",2012,2880588,2880588,973221,5348862,5348862,651717,0,1783967,0,2860575,2860575,772355,772355,5242394,5242394,628733,0,1415447,1415447,0,0,3604525,973221
"286","Sierra Leone","sth",2013,5412693.6,5412693.6,1826784.09,5412693.6,5412693.6,0,0,1826784.09,0,5214790,5214790,1407993.3,1407993.3,5214790,5214790,0,0,1407993.3,1407993.3,0,0,6765867,1826784.09
"287","Sierra Leone","sth",2014,5677855.4,5677855.4,1877768.46,5677855.4,5677855.4,1182353,1182353,1877768.46,0,4091497,4091497,1222691,1222691,4091497,4091497,0,0,1222691,1222691,0,0,6954698,1877768.46
"288","Tanzania","lf",2011,5184068.8,5184068.8,NA,NA,NA,NA,NA,NA,NA,4426426,4426426,1250962.48,1250962.48,NA,NA,NA,NA,NA,NA,NA,NA,6480086,NA
"289","Tanzania","lf",2012,10120491.004,10120491.004,NA,NA,NA,NA,NA,NA,NA,7364740.006,7364740.006,2209425,2209425,NA,NA,NA,NA,NA,NA,NA,NA,21999472,NA
"290","Tanzania","lf",2013,9224414.4,9224414.4,NA,NA,NA,NA,NA,NA,NA,7874631,7874631,2305017.98799361,2305017.98799361,NA,NA,NA,NA,NA,NA,NA,NA,13715056,NA
"291","Tanzania","lf",2014,12240311.9472984,9920797.0479072,NA,NA,NA,NA,NA,NA,NA,0,0,0,0,NA,NA,NA,NA,NA,NA,NA,NA,15300389.934123,NA
"292","Tanzania","oncho",2011,0,0,NA,0,0,0,0,NA,NA,0,0,NA,NA,0,0,0,0,NA,NA,NA,NA,0,NA
"293","Tanzania","oncho",2012,1983794,1983794,NA,1983794,1983794,0,0,NA,NA,1849653,1849653,NA,NA,1849653,1849653,0,0,NA,NA,NA,NA,2364867,NA
"294","Tanzania","oncho",2013,2444070,2444070,NA,2444070,2444070,0,0,NA,NA,1928733,1928733,NA,NA,1928733,1928733,0,0,NA,NA,NA,NA,2444070,NA
"295","Tanzania","oncho",2014,2444067,0,NA,2444067,0,0,0,NA,NA,0,0,NA,NA,0,0,0,0,NA,NA,NA,NA,2444067,NA
"296","Tanzania","schisto",2011,1550066.3,1550066.3,0,NA,NA,NA,NA,NA,NA,1134376,1134376,1134376,1134376,NA,NA,NA,NA,NA,NA,NA,NA,1851267.1,0
"297","Tanzania","schisto",2012,2893958,2893958,2893958,NA,NA,NA,NA,NA,NA,1593180,1593180,1593180,1593180,NA,NA,NA,NA,NA,NA,NA,NA,9445003,9445003
"298","Tanzania","schisto",2013,2689702.16,2689702.16,2689702.16,NA,NA,NA,NA,NA,NA,1396820,1396820,1396820,1396820,NA,NA,NA,NA,NA,NA,NA,NA,24013065,7082691.26412891
"299","Tanzania","schisto",2014,3139761.70079,762951.107664,762951.107664,NA,NA,NA,NA,NA,NA,467954,467954,467954,467954,NA,NA,NA,NA,NA,NA,NA,NA,32174458.96294,8967158.20476875
"300","Tanzania","sth",2011,5184068.8,5184068.8,0,5184068.8,5184068.8,0,0,0,0,4426426,4426426,1250962.48,1250962.48,4426426,4426426,0,0,1250962.48,1250962.48,0,0,6480086,0
"301","Tanzania","sth",2012,9657585.003,9657585.003,3621596.003,9657585.003,9657585.003,0,0,3621596.003,0,7494098.006,7494098.006,2116375.8,2116375.8,7494098.006,7494098.006,0,0,2116375.8,2116375.8,0,0,22257866,6677363
"302","Tanzania","sth",2013,9389868.4,9389868.4,3352868.04797078,9389868.4,9389868.4,0,0,3352868.04797078,0,7961304.55172525,7961304.55172525,2330821.62906234,2330821.62906234,7961304.55172525,7961304.55172525,0,0,2330821.62906234,2330821.62906234,0,0,14750189,4403265.89615812
"303","Tanzania","sth",2014,13122718.3867284,9978435.8722272,3615749.08818204,3611041.86224084,3611041.86224084,13122718.3867284,9920797.0479072,3611041.86224084,2979549.99437216,2415168,2415168,2415168,2415168,2415168,2415168,0,0,2415168,2415168,0,0,18241744.732223,4684749.737367
"304","Tanzania","trachoma",2011,1515860.08,1515860.08,NA,NA,NA,NA,NA,NA,NA,1096486,1096486,NA,NA,NA,NA,NA,NA,NA,NA,NA,NA,1546796,NA
"305","Tanzania","trachoma",2012,7585864,7585864,NA,NA,NA,NA,NA,NA,NA,4956182,4956182,NA,NA,NA,NA,NA,NA,NA,NA,NA,NA,7740681,NA
"306","Tanzania","trachoma",2013,7124708.56,7124708.56,NA,NA,NA,NA,NA,NA,NA,5866415,5866415,NA,NA,NA,NA,NA,NA,NA,NA,NA,NA,7274790,NA
"307","Tanzania","trachoma",2014,6873141.35353866,6873141.35353866,NA,NA,NA,NA,NA,NA,NA,0,0,NA,NA,NA,NA,NA,NA,NA,NA,NA,NA,7009899.768917,NA
"308","Togo","lf",2010,0,0,NA,NA,NA,NA,NA,NA,NA,0,0,0,0,NA,NA,NA,NA,NA,NA,NA,NA,0,NA
"309","Togo","lf",2011,0,0,NA,NA,NA,NA,NA,NA,NA,0,0,0,0,NA,NA,NA,NA,NA,NA,NA,NA,0,NA
"310","Togo","lf",2012,0,0,NA,NA,NA,NA,NA,NA,NA,0,0,0,0,NA,NA,NA,NA,NA,NA,NA,NA,0,NA
"311","Togo","lf",2013,0,0,NA,NA,NA,NA,NA,NA,NA,0,0,0,0,NA,NA,NA,NA,NA,NA,NA,NA,0,NA
"312","Togo","lf",2014,0,0,NA,NA,NA,NA,NA,NA,NA,0,0,0,0,NA,NA,NA,NA,NA,NA,NA,NA,0,NA
"313","Togo","oncho",2010,0,1329222,NA,0,1329222,0,0,NA,NA,0,1248393,NA,NA,0,1248393,0,0,NA,NA,NA,NA,1593769,NA
"314","Togo","oncho",2011,0,2506948,NA,0,2506948,0,0,NA,NA,0,2349637,NA,NA,0,2349637,0,0,NA,NA,NA,NA,3058949,NA
"315","Togo","oncho",2012,2588637,2588637,NA,2588637,2588637,0,0,NA,NA,2488781,2488781,NA,NA,2488781,2488781,0,0,NA,NA,NA,NA,3035781,NA
"316","Togo","oncho",2013,1707574,1707574,NA,938420,0,2645994,2645994,NA,NA,1608993,1608993,NA,NA,774153,0,2497300,2497300,NA,NA,NA,NA,2026171,NA
"317","Togo","oncho",2014,1868277,1868277,NA,969461,0,2837738,2837738,NA,NA,1803292,1803292,NA,NA,871066,0,2733505,2733505,NA,NA,NA,NA,2267269,NA
"318","Togo","schisto",2010,0,803445,0,NA,NA,NA,NA,NA,NA,0,750508,0,453613,NA,NA,NA,NA,NA,NA,NA,NA,1642247,0
"319","Togo","schisto",2011,0,1455962,0,NA,NA,NA,NA,NA,NA,0,1339679,0,633858,NA,NA,NA,NA,NA,NA,NA,NA,4272564,0
"320","Togo","schisto",2012,1681003,1681003,878795,NA,NA,NA,NA,NA,NA,1633053,1633053,864159,864159,NA,NA,NA,NA,NA,NA,NA,NA,3189775,1174379
"321","Togo","schisto",2013,1797302,1797302,970606,NA,NA,NA,NA,NA,NA,1750554,1750554,956754,956754,NA,NA,NA,NA,NA,NA,NA,NA,4354860.2140087,1333229.16630979
"322","Togo","schisto",2014,2139764,2139764,972920,NA,NA,NA,NA,NA,NA,2060467,2060467,953258,953258,NA,NA,NA,NA,NA,NA,NA,NA,4014180,1273497
"323","Togo","sth",2010,0,242876,0,0,242876,0,0,0,0,0,253101,0,227516,0,253101,0,0,0,227516,0,0,432736,0
"324","Togo","sth",2011,0,1281538,0,0,1281538,0,0,0,0,0,1083078,0,1051101,0,1083078,0,0,0,1051101,0,0,4273379,0
"325","Togo","sth",2012,1953632,1381928,1381928,1953632,1381928,0,0,1381928,0,1369823,1369823,1369823,1369823,1369823,1369823,0,0,1369823,1369823,0,0,4764213,1429263
"326","Togo","sth",2013,3225311.01,1463508,1463508,492494.94,225671,3225311.01,1463508,225671,1463508,2474433,1450357,1450357,1450357,204015,204015,2474433,1449982,204015,204015,1449982,1449982,4532487,1463508
"327","Togo","sth",2014,2379901.61338001,1553947,1553947,487513.613380008,234847.335667056,2236962,1553947,234847.335667056,1553947,2255032,1542245,1542245,1542245,375449,230967,2221337,1542216,230967,230967,1542216,1542216,4909160,1553947
"328","Uganda","lf",2008,0,6715580,NA,NA,NA,NA,NA,NA,NA,0,5285744,0,0,NA,NA,NA,NA,NA,NA,NA,NA,7025807,NA
"329","Uganda","lf",2009,0,8618410,NA,NA,NA,NA,NA,NA,NA,0,7927723,0,2837487,NA,NA,NA,NA,NA,NA,NA,NA,9870004,NA
"330","Uganda","lf",2010,0,10413520,NA,NA,NA,NA,NA,NA,NA,0,9224538,0,3920191,NA,NA,NA,NA,NA,NA,NA,NA,12710950,NA
"331","Uganda","lf",2011,0,11027927,NA,NA,NA,NA,NA,NA,NA,0,8796385,0,3753869,NA,NA,NA,NA,NA,NA,NA,NA,0,NA
"332","Uganda","lf",2012,9724506.9044,9724506.9044,NA,NA,NA,NA,NA,NA,NA,6959324,6959324,2813039,2813039,NA,NA,NA,NA,NA,NA,NA,NA,12155633.6305,NA
"333","Uganda","lf",2013,4809666.6,4809666.6,NA,NA,NA,NA,NA,NA,NA,4023561,4023561,1813986,1813986,NA,NA,NA,NA,NA,NA,NA,NA,7635783,NA
"334","Uganda","lf",2014,12041147.36,12041147.36,NA,NA,NA,NA,NA,NA,NA,5134749,5134749,2214297,2214297,NA,NA,NA,NA,NA,NA,NA,NA,13027192.87,NA
"335","Uganda","oncho",2008,0,1083697,NA,0,1083697,0,0,NA,NA,0,1274433,NA,NA,0,1274433,0,0,NA,NA,NA,NA,1663075,NA
"336","Uganda","oncho",2009,0,1044426,NA,0,1044426,0,0,NA,NA,0,2568298,NA,NA,0,2568298,0,0,NA,NA,NA,NA,3210793,NA
"337","Uganda","oncho",2010,0,822838,NA,0,822838,0,0,NA,NA,0,2714728,NA,NA,0,2714728,0,0,NA,NA,NA,NA,3717217,NA
"338","Uganda","oncho",2011,0,848382,NA,0,848382,0,0,NA,NA,0,2489117,NA,NA,0,2489117,0,0,NA,NA,NA,NA,4057959,NA
"339","Uganda","oncho",2012,1987658.2,1911892,NA,1413878.2,429208.8,2064287.4,2064287.4,NA,NA,1588220,1143397,NA,NA,1351769,134193,1569448,1441802,NA,NA,NA,NA,2355221.4807,NA
"340","Uganda","oncho",2013,2133497,1846660,NA,1581004,598396,1947826,1947826,NA,NA,1715843,1422966,NA,NA,1310268,396888,1462208,1462208,NA,NA,NA,NA,2319354,NA
"341","Uganda","oncho",2014,2708954.288,2708954.288,NA,2457818.288,2457818.288,1917822.8,1917822.8,NA,NA,1996862,1996862,NA,NA,1827514,1827514,1655654,1655654,NA,NA,NA,NA,3074078.82,NA
"342","Uganda","schisto",2008,0,1836722,0,NA,NA,NA,NA,NA,NA,0,1496845,0,0,NA,NA,NA,NA,NA,NA,NA,NA,2050706,0
"343","Uganda","schisto",2009,0,3982708,0,NA,NA,NA,NA,NA,NA,0,3426161,0,1430452,NA,NA,NA,NA,NA,NA,NA,NA,4756201,0
"344","Uganda","schisto",2010,0,3259843,0,NA,NA,NA,NA,NA,NA,0,2655421,0,1224311,NA,NA,NA,NA,NA,NA,NA,NA,4104648,0
"345","Uganda","schisto",2011,0,3070777,0,NA,NA,NA,NA,NA,NA,0,2385841,0,0,NA,NA,NA,NA,NA,NA,NA,NA,4285982,0
"346","Uganda","schisto",2012,4874918.58065628,2403585.85436418,109285.024946914,NA,NA,NA,NA,NA,NA,1547456,1547456,691319,691319,NA,NA,NA,NA,NA,NA,NA,NA,4787243.85055935,1561800.30638482
"347","Uganda","schisto",2013,2421980.65,1820742.65,1022827.2,NA,NA,NA,NA,NA,NA,885930,885930,413143,413143,NA,NA,NA,NA,NA,NA,NA,NA,6638766.18875,2753065.38009375
"348","Uganda","schisto",2014,3234371.91649216,3176942.91649216,1687734.48503687,NA,NA,NA,NA,NA,NA,1762001,1762001,665333,665333,NA,NA,NA,NA,NA,NA,NA,NA,4933434.71677428,1641622.33007414
"349","Uganda","sth",2008,0,9138265,0,0,9138265,0,0,0,0,0,7371932,0,509960,0,7371932,0,0,0,509960,0,0,9621215,0
"350","Uganda","sth",2009,0,13346684,0,0,13346684,0,0,0,0,0,12630725,0,5627695,0,12630725,0,0,0,5627695,0,0,15132303,0
"351","Uganda","sth",2010,0,13974884.600096,0,0,13974884.600096,0,0,0,0,0,12228547.0720883,0,5845284.99532206,0,12228547.0720883,0,0,0,5845284.99532206,0,0,16785887.936428,0
"352","Uganda","sth",2011,0,15075895,0,0,15075895,0,0,0,0,0,11848117,0,5480487,0,11848117,0,0,0,5480487,0,0,22321989,0
"353","Uganda","sth",2012,22751923.9618285,13076299.0515185,4637115.5239125,11163628.4735185,11163628.4735185,22751923.9618285,0,4010130.0251625,0,7838239,7838239,0,2937797,7838239,7838239,0,0,0,2937797,0,0,33359704.3905,10872903.9269125
"354","Uganda","sth",2013,18828148.291,5612736.112,1909897.85,13095336.679,5612736.112,16078476.612,0,1909897.85,0,4283012,4283012,1943940,1943940,4283012,4283012,0,0,1943940,1943940,0,0,33590202,10933658.3
"355","Uganda","sth",2014,23099606.63922,13575355.26844,4788504.641,14505320.89142,4782540.995,10799899.91999,9262211.17344,1645710.3,3303377.491,5315816,5229891,1990526,1949744,3863960,3863960,1804233,1718308,1422034,1422034,713497,672715,34565123.8825,11233665.2618125
"356","Uganda","trachoma",2008,0,2116461,NA,NA,NA,NA,NA,NA,NA,0,1196558,NA,NA,NA,NA,NA,NA,NA,NA,NA,NA,2116461,NA
"357","Uganda","trachoma",2009,0,3473719,NA,NA,NA,NA,NA,NA,NA,0,2160993,NA,NA,NA,NA,NA,NA,NA,NA,NA,NA,3600642,NA
"358","Uganda","trachoma",2010,0,3966760,NA,NA,NA,NA,NA,NA,NA,0,2953423,NA,NA,NA,NA,NA,NA,NA,NA,NA,NA,4047715,NA
"359","Uganda","trachoma",2011,0,7003902,NA,NA,NA,NA,NA,NA,NA,0,4889271,NA,NA,NA,NA,NA,NA,NA,NA,NA,NA,7212532,NA
"360","Uganda","trachoma",2012,8863844.8805,8863844.8805,NA,NA,NA,NA,NA,NA,NA,5600778,5600778,NA,NA,NA,NA,NA,NA,NA,NA,NA,NA,8863844.8805,NA
"361","Uganda","trachoma",2013,4094563,4094563,NA,NA,NA,NA,NA,NA,NA,933388,933388,NA,NA,NA,NA,NA,NA,NA,NA,NA,NA,5481983,NA
"362","Uganda","trachoma",2014,7382934.95,7162053.95,NA,NA,NA,NA,NA,NA,NA,3570276,3570276,NA,NA,NA,NA,NA,NA,NA,NA,NA,NA,5192118.01,NA
"363","Vietnam","lf",2012,0,0,NA,NA,NA,NA,NA,NA,NA,0,0,0,0,NA,NA,NA,NA,NA,NA,NA,NA,0,NA
"364","Vietnam","sth",2012,2077225,2077225,0,2077225,2077225,0,0,0,0,1948163,1948163,689549,689549,1948163,1948163,0,0,689549,689549,0,0,2077225,0
